{
  "home": {
    "slides": [
      {
        "title": "تایتان 20",
        "image": "/images/14.png"
      },
      {
        "title": "تایتان 20",
        "image": "/images/13.png"
      },
      {
        "title": "تایتان 20",
        "image": "/images/1.png"
      },
      {
        "title": "تایتان 20",
        "image": "/images/22.png"
      }
    ]
  },
  "category": {
    "title": "دسته بندی",
    "description": "لورم ایپسوم متن ساختگی با تولید سادگی نامفهوم از صنعت چاپ و با . . استفاده از طراحان گرافیک است",
    "categories": [
      {
        "id": 1,
        "title": "کاربری",
        "data": [
          {
            "id": "1",
            "image": "/images/usecase/pool.jpg",
            "title": "استخر-حمام"
          },
          {
            "id": "2",
            "image": "/images/usecase/Outdoor.png",
            "title": "پارکینگ- محیط خارجی"
          },
          {
            "id": "3",
            "image": "/images/usecase/decorative.jpg",
            "title": "دکوراتیو"
          },
          {
            "id": "4",
            "image": "/images/usecase/commercial.jpg",
            "title": "تجاری و پرتردد"
          },
          {
            "id": "5",
            "image": "/images/usecase/residential.png",
            "title": "مسکونی"
          },
          { "id": "6", "image": "/images/usecase/nama 2.jpg", "title": "نما" }
        ]
      },
      {
        "id": 2,
        "title": "سبک",
        "data": [
          {
            "id": 7,
            "title": "MARBLE",
            "image": "/images/imagestyles/Marble 2.jpg"
          },
          {
            "id": 8,
            "title": "STONE",
            "image": "/images/imagestyles/Stone 2.png"
          },
          { "id": 9, "title": "WOOD", "image": "/images/imagestyles/Wood.png" },
          {
            "id": 10,
            "title": "ABSTRACT",
            "image": "/images/imagestyles/Abstract 2.png"
          },
          {
            "id": 11,
            "title": "CEMENT",
            "image": "/images/imagestyles/Cement 2.png"
          },
          {
            "id": 12,
            "title": "SWIMMING POOL",
            "image": "/images/imagestyles/Swimming Pool.png"
          },
          {
            "id": 13,
            "title": "HEAVY DUTY",
            "image": "/images/imagestyles/Heavy Duty.jpg"
          },

          {
            "id": 15,
            "title": "TERRAZZO",
            "image": "/images/imagestyles/Terazzo.jpg"
          },
          {
            "id": 16,
            "title": "MONOCOLOR",
            "image": "/images/imagestyles/Monocolor 4.jpg"
          },
          {
            "id": 17,
            "title": "FABRIC",
            "image": "/images/imagestyles/Fabric.png"
          }
        ]
      },
      {
        "id": 3,
        "title": "رنگ",
        "data": [
          { "id": 13, "title": "سفید", "image": "/images/colors/White.jpg" },
          { "id": 14, "title": "مشکی", "image": "/images/colors/Black.jpg" },
          { "id": 15, "title": "آبی", "image": "/images/colors/blue.jpg" },
          { "id": 16, "title": "سبز", "image": "/images/colors/green 1.jpg" },
          {
            "id": 18,
            "title": "قرمز",
            "image": "/images/colors/Monocolor 3.jpg"
          },
          {
            "id": 19,
            "title": "خاکستری",
            "image": "/images/colors/Gray 2.jpg"
          },
          { "id": 20, "title": "بژ", "image": "/images/colors/cream.jpg" },
          { "id": 21, "title": "زرد", "image": "/images/colors/yellow.jpg" },
          { "id": 22, "title": "نارنجی", "image": "/images/colors/orange.jpg" },
          { "id": 23, "title": "چند رنگ", "image": "/images/colors/Mix.png" },
          { "id": 24, "title": "قهوه ای", "image": "/images/colors/brown.jpg" },
          { "id": 25, "title": "صورتی", "image": "/images/colors/pink.jpg" }
        ]
      },
      {
        "id": 4,
        "title": "سایز",
        "data": [
          {
            "id": 19,
            "title": "100 x 100",
            "image": "/images/size/100.100.jpg"
          },
          { "id": 20, "title": "60 x 120", "image": "/images/size/60.120.jpg" },
          { "id": 21, "title": "60 x 60", "image": "/images/size/60360-2.jpg" },
          { "id": 22, "title": "40 x 40", "image": "/images/size/40.40-2.jpg" },
          { "id": 23, "title": "33 x 33", "image": "/images/size/33.33.jpg" },
          { "id": 24, "title": "30 x 30", "image": "/images/size/30.30.jpg" },
          { "id": 25, "title": "25 x 25", "image": "/images/size/25.25.jpg" },
          { "id": 26, "title": "20 x 20", "image": "/images/size/20.20-2.jpg" },
          { "id": 27, "title": "15 x 15", "image": "/images/size/15.15.jpg" },
          {
            "id": 28,
            "title": "11.524",
            "image": "/images/size/11.524-3.jpg"
          },
          { "id": 29, "title": "7 x 29", "image": "/images/size/7.29.jpg" },
          { "id": 30, "title": "20 x 120", "image": "/images/size/20.120.jpg" }
        ]
      },
      {
        "id": 5,
        "title": "صنعتی",
        "data": [
          { "id": 25, "title": "ضد اسید", "image": "/images/asid.jpg" },
          { "id": 26, "title": "ضد قلیا", "image": "/images/ghlia.jpg" },
          { "id": 27, "title": "ضد لغزش", "image": "/images/54.jpg" },
          { "id": 28, "title": "صنعتی", "image": "/images/52.jpg" },
          { "id": 29, "title": "قطعات تکمیلی", "image": "/images/ghsan.jpg" }
        ]
      }
    ]
  },

  "desginStory": {
    "title": "پروژه‌ها",
    "projects": [
      {
        "id": 1,
        "title": "نام پروژه",
        "env": "داخلی",
        "image": "/images/14.png"
      },
      {
        "id": 2,
        "title": "نام پروژه",
        "env": "خارجی",
        "image": "/images/13.png"
      },
      {
        "id": 3,
        "title": "نام پروژه",
        "env": "داخلی",
        "image": "/images/1.png"
      },
      {
        "id": 4,
        "title": "نام پروژه",
        "env": "خارجی",
        "image": "/images/22.png"
      },
      {
        "id": 5,
        "title": "نام پروژه",
        "env": "داخلی",
        "image": "/images/17.png"
      },
      {
        "id": 6,
        "title": "نام پروژه",
        "env": "خارجی",
        "image": "/images/18.png"
      },
      {
        "id": 7,
        "title": "نام پروژه",
        "env": "داخلی",
        "image": "/images/19.png"
      },
      {
        "id": 8,
        "title": "نام پروژه",
        "env": "خارجی",
        "image": "/images/20.png"
      }
    ]
  },

  "blog": {
    "title": "بلاگ",
    "sections": [
      {
        "id": 1,
        "title": "مقالات",
        "data": [
          {
            "key": 1,
            "title": "لورم ایپسوم متن ساختگی با تولید سادگی",
            "image": "/images/38.png"
          },
          {
            "key": 2,
            "title": "لورم ایپسوم متن ساختگی با تولید سادگی",
            "image": "/images/38.png"
          },
          {
            "key": 3,
            "title": "لورم ایپسوم متن ساختگی با تولید سادگی",
            "image": "/images/38.png"
          },
          {
            "key": 4,
            "title": "لورم ایپسوم متن ساختگی با تولید سادگی",
            "image": "/images/38.png"
          },
          {
            "key": 5,
            "title": "لورم ایپسوم متن ساختگی با تولید سادگی",
            "image": "/images/38.png"
          },
          {
            "key": 6,
            "title": "لورم ایپسوم متن ساختگی با تولید سادگی",
            "image": "/images/38.png"
          }
        ]
      },
      {
        "id": 2,
        "title": "اخبار",
        "data": [
          {
            "key": 1,
            "title": "لورم ایپسوم متن ساختگی با تولید سادگی",
            "image": "/images/38.png"
          },
          {
            "key": 2,
            "title": "لورم ایپسوم متن ساختگی با تولید سادگی",
            "image": "/images/38.png"
          },
          {
            "key": 3,
            "title": "لورم ایپسوم متن ساختگی با تولید سادگی",
            "image": "/images/38.png"
          },
          {
            "key": 4,
            "title": "لورم ایپسوم متن ساختگی با تولید سادگی",
            "image": "/images/38.png"
          },
          {
            "key": 5,
            "title": "لورم ایپسوم متن ساختگی با تولید سادگی",
            "image": "/images/38.png"
          },
          {
            "key": 6,
            "title": "لورم ایپسوم متن ساختگی با تولید سادگی",
            "image": "/images/38.png"
          }
        ]
      },
      {
        "id": 3,
        "title": "ویدئوها",
        "data": [
          {
            "key": 1,
            "title": "لورم ایپسوم متن ساختگی با تولید سادگی",
            "image": "/images/38.png"
          },
          {
            "key": 2,
            "title": "لورم ایپسوم متن ساختگی با تولید سادگی",
            "image": "/images/38.png"
          },
          {
            "key": 3,
            "title": "لورم ایپسوم متن ساختگی با تولید سادگی",
            "image": "/images/38.png"
          },
          {
            "key": 4,
            "title": "لورم ایپسوم متن ساختگی با تولید سادگی",
            "image": "/images/38.png"
          },
          {
            "key": 5,
            "title": "لورم ایپسوم متن ساختگی با تولید سادگی",
            "image": "/images/38.png"
          },
          {
            "key": 6,
            "title": "لورم ایپسوم متن ساختگی با تولید سادگی",
            "image": "/images/38.png"
          }
        ]
      }
    ]
  },

  "tabsData": [
    {
      "id": 1,
      "title": "نرم افزار چیدمان هوشمند",
      "image": "/images/64.png",
      "text": "شرکت کاشی مرجان با بیش از سی سال تجربه در صنعت تولید پوشش های سرامیکی توانسته است با بکارگیری پیشرفته ترین و مدرن ترین ماشین آلات صنعت کاشی و سرامیک، نوآوری های جدیدی در این صنعت داشته باشد و در این راستا مفتخر به تولید کاشی های پرسلان (بدنه سفید) به صورت مات، پولیش و نیمه پولیش ، کاشی های دکوراتیو و لوکس، کاشی های صنعتی از جمله ضد اسید صنعتی، ضد قلیا صنعتی و ضد لغزندگی و (Anti Slip)، قطعات تکمیلی و کاشی های با قابلیت عبور نور با سایزهای متنوع و مطابق با استاندارد ISO 13006 می باشد. بر اساس استاندارد مذکور، محصولات این شرکت علاوه بر کاربری در فضاهای داخلی و خارجی ساختمان ها می تواند در فضاهای صنعتی و تجاری مانند کارخانه ها، بیمارستان ها، آزمایشگاه ها، محوطه های باز، کارگاه ها و مراکز اداری نیز مورد استفاده قرار گیرد. در حال حاضر تولیدات این شرکت به دلیل کیفیت بالا."
    },
    {
      "id": 2,
      "title": "برآورد متراژ کاشی",
      "image": "/images/67.png",
      "text": "شرکت کاشی مرجان با بیش از سی سال تجربه در صنعت تولید پوشش های سرامیکی توانسته است با بکارگیری پیشرفته ترین و مدرن ترین ماشین آلات صنعت کاشی و سرامیک، نوآوری های جدیدی در این صنعت داشته باشد و در این راستا مفتخر به تولید کاشی های پرسلان (بدنه سفید) به صورت مات، پولیش و نیمه پولیش ، کاشی های دکوراتیو و لوکس، کاشی های صنعتی از جمله ضد اسید صنعتی، ضد قلیا صنعتی و ضد لغزندگی و (Anti Slip)، قطعات تکمیلی و کاشی های با قابلیت عبور نور با سایزهای متنوع و مطابق با استاندارد ISO 13006 می باشد. بر اساس استاندارد مذکور، محصولات این شرکت علاوه بر کاربری در فضاهای داخلی و خارجی ساختمان ها می تواند در فضاهای صنعتی و تجاری مانند کارخانه ها، بیمارستان ها، آزمایشگاه ها، محوطه های باز، کارگاه ها و مراکز اداری نیز مورد استفاده قرار گیرد. در حال حاضر تولیدات این شرکت به دلیل کیفیت بالا."
    },
    {
      "id": 3,
      "title": "چت بات هوش مصنوعی",
      "image": "/images/66.png",
      "text": "شرکت کاشی مرجان با بیش از سی سال تجربه در صنعت تولید پوشش های سرامیکی توانسته است با بکارگیری پیشرفته ترین و مدرن ترین ماشین آلات صنعت کاشی و سرامیک، نوآوری های جدیدی در این صنعت داشته باشد و در این راستا مفتخر به تولید کاشی های پرسلان (بدنه سفید) به صورت مات، پولیش و نیمه پولیش ، کاشی های دکوراتیو و لوکس، کاشی های صنعتی از جمله ضد اسید صنعتی، ضد قلیا صنعتی و ضد لغزندگی و (Anti Slip)، قطعات تکمیلی و کاشی های با قابلیت عبور نور با سایزهای متنوع و مطابق با استاندارد ISO 13006 می باشد. بر اساس استاندارد مذکور، محصولات این شرکت علاوه بر کاربری در فضاهای داخلی و خارجی ساختمان ها می تواند در فضاهای صنعتی و تجاری مانند کارخانه ها، بیمارستان ها، آزمایشگاه ها، محوطه های باز، کارگاه ها و مراکز اداری نیز مورد استفاده قرار گیرد. در حال حاضر تولیدات این شرکت به دلیل کیفیت بالا."
    }
  ],

  "about": {
    "title": "درباره ما",
    "description": "شرکت کاشی مرجان با بیش از سی سال تجربه در صنعت تولید پوشش های سرامیکی توانسته است با بکارگیری پیشرفته ترین و مدرن ترین ماشین آلات صنعت کاشی و سرامیک، نوآوری های جدیدی در این صنعت داشته باشد و در این راستا مفتخر به تولید کاشی های پرسلان (بدنه سفید) به صورت مات، پولیش و نیمه پولیش ، کاشی های دکوراتیو و لوکس، کاشی های صنعتی از جمله ضد اسید صنعتی، ضد قلیا صنعتی و ضد لغزندگی و (Anti Slip)، قطعات تکمیلی و کاشی های با قابلیت عبور نور با سایزهای متنوع و مطابق با استاندارد ISO 13006 می باشد. بر اساس استاندارد مذکور، محصولات این شرکت علاوه بر کاربری در فضاهای داخلی و خارجی ساختمان ها می تواند در فضاهای صنعتی و تجاری مانند کارخانه ها، بیمارستان ها، آزمایشگاه ها، محوطه های باز، کارگاه ها و مراکز اداری نیز مورد استفاده قرار گیرد. در حال حاضر تولیدات این شرکت به دلیل کیفیت بالا، به بسیاری از کشورهای اروپایی و آسیایی صادر می گردد."
  },

  "products": {
    "content": [
      {
        "id": 1,
        "title": "Terrazzo",
        "thickness": 5,
        "images": ["/home/1.jpg", "/home/2.jpg", "/home/3.jpg", "/home/4.jpg"],
        "models": [
          {
            "id": 1,
            "title": "مشکی",
            "code": 1008,
            "sizes": [
              { "size": "60 × 120", "ar": 0.5, "textures": ["/home/1.jpg"] },
              { "size": "60 × 60", "ar": 1, "textures": ["/home/1.jpg"] }
            ]
          },
          {
            "id": 2,
            "title": "طوسی",
            "code": 1010,
            "sizes": [
              { "size": "60 × 120", "ar": 1, "textures": ["/home/1.jpg"] }
            ]
          },
          {
            "id": 3,
            "title": "صورتی",
            "code": 1009,
            "sizes": [
              { "size": "60 × 120", "ar": 1, "textures": ["/home/1.jpg"] }
            ]
          },
          {
            "id": 4,
            "title": "سبز",
            "code": 1011,
            "sizes": [
              { "size": "60 × 120", "ar": 1, "textures": ["/home/1.jpg"] }
            ]
          }
        ],
        "description": "Tricerبرگرفته از نام دایناسوری به اسم Triceratops م دلیل این نام گذاری پوست ضخیم و هیکل عظیم‌الجثه‌ی آن حیوان به عنوان نماد استحکام است. این کاشی با ضخامت ۱۵ میلی‌متر تولید شده است و مقاومت بالایی در برابر شکست دارد. بیشترین کاربری کاشی ترایسر از لحاظ مقاومت در پارکینگ‌ها، فضاهای صنعتی مانند انبارها و سایر محوطه‌هایی که مسیر تردد اتومبیل‌های مخصوص حمل بار سنگین هستند و حیاط منازل مسکونی می‌باشد"
      },
      {
        "id": 2,
        "title": "sa",
        "description": "dsf"
      }
    ]
  },

  "certificates": [
    { "id": 1, "title": "نام گواهینامه", "image": "/cert.jpg" },
    { "id": 2, "title": "نام گواهینامه", "image": "/cert.jpg" },
    { "id": 3, "title": "نام گواهینامه", "image": "/cert.jpg" },
    { "id": 4, "title": "نام گواهینامه", "image": "/cert.jpg" }
  ]
}
